{
  "overall_metrics": {
    "precision": 0.06363636363636363,
    "recall": 0.18,
    "f1": 0.08373079917761082,
    "accuracy": 0.7749090909090909
  },
  "feature_metrics": {
    "Head Turned Forward": {
      "precision": 0.7272727272727273,
      "recall": 1.0,
      "f1": 0.8421052631578947,
      "auc": 0.6491666666666667
    },
    "Head Pointing Forward": {
      "precision": 0.0,
      "recall": 0.0,
      "f1": 0.0,
      "auc": 0.4880636604774536
    },
    "Head Not Tilted": {
      "precision": 0.45454545454545453,
      "recall": 1.0,
      "f1": 0.625,
      "auc": 0.4933333333333333
    },
    "Head Leaning Forward": {
      "precision": 0.0,
      "recall": 0.0,
      "f1": 0.0,
      "auc": 0.34935897435897434
    },
    "Head Leaning Backward": {
      "precision": 0.0,
      "recall": 0.0,
      "f1": 0.0,
      "auc": 0.8703703703703703
    },
    "Head Pointing Up": {
      "precision": 0.0,
      "recall": 0.0,
      "f1": 0.0,
      "auc": 0.0
    },
    "Head Down": {
      "precision": 0.0,
      "recall": 0.0,
      "f1": 0.0,
      "auc": 0.2592592592592593
    },
    "Head Tilted Left": {
      "precision": 0.0,
      "recall": 0.0,
      "f1": 0.0,
      "auc": 0.37037037037037035
    },
    "Head Tilted Right": {
      "precision": 0.0,
      "recall": 0.0,
      "f1": 0.0,
      "auc": 0.8584905660377359
    },
    "Head Turned Left": {
      "precision": 0.0,
      "recall": 0.0,
      "f1": 0.0,
      "auc": 0.6177685950413223
    },
    "Head Turned Right": {
      "precision": 0.0,
      "recall": 0.0,
      "f1": 0.0,
      "auc": 0.4955555555555555
    },
    "Eye Closure": {
      "precision": 0.0,
      "recall": 0.0,
      "f1": 0.0,
      "auc": 0.0
    },
    "Eye Widen": {
      "precision": 0.0,
      "recall": 0.0,
      "f1": 0.0,
      "auc": 0.6955128205128205
    },
    "Brow Furrow": {
      "precision": 0.0,
      "recall": 0.0,
      "f1": 0.0,
      "auc": 0.5769230769230769
    },
    "Brow Raise": {
      "precision": 0.0,
      "recall": 0.0,
      "f1": 0.0,
      "auc": 0.6226415094339623
    },
    "Mouth Open": {
      "precision": 0.10909090909090909,
      "recall": 1.0,
      "f1": 0.19672131147540983,
      "auc": 0.5017006802721089
    },
    "Jaw Drop": {
      "precision": 0.0,
      "recall": 0.0,
      "f1": 0.0,
      "auc": 0.35200000000000004
    },
    "Speaking": {
      "precision": 0.0,
      "recall": 0.0,
      "f1": 0.0,
      "auc": 0.4285714285714286
    },
    "Lip Press": {
      "precision": 0.0,
      "recall": 0.0,
      "f1": 0.0,
      "auc": 0.31
    },
    "Lip Pucker": {
      "precision": 0.09090909090909091,
      "recall": 1.0,
      "f1": 0.16666666666666666,
      "auc": 0.61
    },
    "Lip Stretch": {
      "precision": 0.0,
      "recall": 0.0,
      "f1": 0.0,
      "auc": 0.678921568627451
    },
    "Lip Suck": {
      "precision": 0.07272727272727272,
      "recall": 1.0,
      "f1": 0.13559322033898305,
      "auc": 0.5245098039215687
    },
    "Lip Tighten": {
      "precision": 0.0,
      "recall": 0.0,
      "f1": 0.0,
      "auc": 0.6944444444444444
    },
    "Cheek Raise": {
      "precision": 0.0,
      "recall": 0.0,
      "f1": 0.0,
      "auc": 0.6360544217687074
    },
    "Chin Raise": {
      "precision": 0.0,
      "recall": 0.0,
      "f1": 0.0,
      "auc": 0.21296296296296297
    },
    "Dimpler": {
      "precision": 0.0,
      "recall": 0.0,
      "f1": 0.0,
      "auc": 0.0
    },
    "Nose Wrinkle": {
      "precision": 0.0,
      "recall": 0.0,
      "f1": 0.0,
      "auc": 0.19339622641509435
    },
    "Upper Lip Raise": {
      "precision": 0.0,
      "recall": 0.0,
      "f1": 0.0,
      "auc": 0.33490566037735847
    },
    "fixation_density": {
      "precision": 0.45454545454545453,
      "recall": 1.0,
      "f1": 0.625,
      "auc": 0.5
    },
    "avg_fixation_duration": {
      "precision": 0.0,
      "recall": 0.0,
      "f1": 0.0,
      "auc": 0.0
    },
    "gaze_dispersion": {
      "precision": 0.0,
      "recall": 0.0,
      "f1": 0.0,
      "auc": 0.0
    },
    "gsr_peak_count": {
      "precision": 0.0,
      "recall": 0.0,
      "f1": 0.0,
      "auc": 0.0
    },
    "gsr_avg_amplitude": {
      "precision": 0.0,
      "recall": 0.0,
      "f1": 0.0,
      "auc": 0.0
    },
    "Joy": {
      "precision": 0.0,
      "recall": 0.0,
      "f1": 0.0,
      "auc": 0.6007326007326007
    },
    "Anger": {
      "precision": 0.0,
      "recall": 0.0,
      "f1": 0.0,
      "auc": 0.0
    },
    "Fear": {
      "precision": 0.0,
      "recall": 0.0,
      "f1": 0.0,
      "auc": 0.0
    },
    "Disgust": {
      "precision": 0.0,
      "recall": 0.0,
      "f1": 0.0,
      "auc": 0.0
    },
    "Sadness": {
      "precision": 0.0,
      "recall": 0.0,
      "f1": 0.0,
      "auc": 0.436
    },
    "Surprise": {
      "precision": 0.0,
      "recall": 0.0,
      "f1": 0.0,
      "auc": 0.33163265306122447
    },
    "Contempt": {
      "precision": 0.0,
      "recall": 0.0,
      "f1": 0.0,
      "auc": 0.0
    },
    "Positive Valence": {
      "precision": 0.0,
      "recall": 0.0,
      "f1": 0.0,
      "auc": 0.5787545787545787
    },
    "Negative Valence": {
      "precision": 0.0,
      "recall": 0.0,
      "f1": 0.0,
      "auc": 0.508
    },
    "Neutral Valence": {
      "precision": 0.6727272727272727,
      "recall": 1.0,
      "f1": 0.8043478260869565,
      "auc": 0.581081081081081
    },
    "Attention": {
      "precision": 0.03636363636363636,
      "recall": 1.0,
      "f1": 0.07017543859649122,
      "auc": 0.5660377358490566
    },
    "Adaptive Engagement": {
      "precision": 0.0,
      "recall": 0.0,
      "f1": 0.0,
      "auc": 0.0
    },
    "Confusion": {
      "precision": 0.0,
      "recall": 0.0,
      "f1": 0.0,
      "auc": 0.0
    },
    "Sentimentality": {
      "precision": 0.0,
      "recall": 0.0,
      "f1": 0.0,
      "auc": 0.0
    },
    "Smile": {
      "precision": 0.0,
      "recall": 0.0,
      "f1": 0.0,
      "auc": 0.46794871794871795
    },
    "Smirk": {
      "precision": 0.0,
      "recall": 0.0,
      "f1": 0.0,
      "auc": 0.0
    },
    "Neutral": {
      "precision": 0.5636363636363636,
      "recall": 1.0,
      "f1": 0.7209302325581395,
      "auc": 0.5154569892473119
    }
  },
  "config": {
    "model_type": "vit",
    "sequence_length": 1,
    "batch_size": 4,
    "learning_rate": 0.0001,
    "num_epochs": 10
  }
}