{
  "model_name": "naive_multimodal_vit",
  "model_type": "B.1: Naive ViT + Simple Fusion",
  "epochs_trained": 24,
  "best_val_f1": 0.15317299962043762,
  "final_metrics": {
    "overall_accuracy": 0.550000011920929,
    "element_accuracy": 0.9147058725357056,
    "macro_precision": 0.13931888341903687,
    "macro_recall": 0.1764705926179886,
    "macro_f1": 0.15317299962043762,
    "per_emotion_accuracy": [
      0.8999999761581421,
      1.0,
      0.8500000238418579,
      1.0,
      0.949999988079071,
      0.75,
      1.0,
      0.8999999761581421,
      0.949999988079071,
      0.8500000238418579,
      1.0,
      1.0,
      1.0,
      1.0,
      0.8999999761581421,
      0.949999988079071,
      0.550000011920929
    ],
    "val_loss": 0.22230895360310873
  },
  "training_history": {
    "train_loss": [
      0.4769493639469147,
      0.3120937868952751,
      0.2870178986340761,
      0.2883550804108381,
      0.2589230053126812,
      0.2496529407799244,
      0.2392669953405857,
      0.23754355497658253,
      0.24580820370465517,
      0.23550508171319962,
      0.2376856179907918,
      0.24243440106511116,
      0.21874551847577095,
      0.21339103765785694,
      0.22179673705250025,
      0.20620113238692284,
      0.21305225975811481,
      0.21609135624021292,
      0.22409023717045784,
      0.22630245238542557,
      0.2370115090161562,
      0.20686582662165165,
      0.2187134213745594,
      0.20318707544356585
    ],
    "val_loss": [
      0.2725871354341507,
      0.24605842431386313,
      0.24132287005583444,
      0.22953631480534872,
      0.22443442046642303,
      0.22569880386193594,
      0.21851636469364166,
      0.22086131076018015,
      0.2234402596950531,
      0.21435273687044779,
      0.23185433447360992,
      0.21214303374290466,
      0.21835125734408697,
      0.22230895360310873,
      0.21218104908863702,
      0.22338871161142984,
      0.21665795147418976,
      0.21332619587580362,
      0.23101749022801718,
      0.21241014202435812,
      0.21851476778586706,
      0.2120860293507576,
      0.21486249069372812,
      0.20996151119470596
    ],
    "val_accuracy": [
      0.908823549747467,
      0.9058823585510254,
      0.908823549747467,
      0.908823549747467,
      0.908823549747467,
      0.908823549747467,
      0.9117646813392639,
      0.908823549747467,
      0.9117646813392639,
      0.9117646813392639,
      0.9117646813392639,
      0.9176470637321472,
      0.9117646813392639,
      0.9147058725357056,
      0.9147058725357056,
      0.9147058725357056,
      0.9147058725357056,
      0.9147058725357056,
      0.9147058725357056,
      0.9176470637321472,
      0.9147058725357056,
      0.9117646813392639,
      0.9147058725357056,
      0.9176470637321472
    ],
    "val_f1": [
      0.15017077326774597,
      0.14741793274879456,
      0.15017077326774597,
      0.15017077326774597,
      0.15017077326774597,
      0.15017077326774597,
      0.15166470408439636,
      0.15017077326774597,
      0.15166470408439636,
      0.12179192155599594,
      0.15166470408439636,
      0.14789916574954987,
      0.144690603017807,
      0.15317299962043762,
      0.1233002319931984,
      0.15317299962043762,
      0.15317299962043762,
      0.1233002319931984,
      0.15317299962043762,
      0.14789916574954987,
      0.15317299962043762,
      0.144690603017807,
      0.15317299962043762,
      0.14789916574954987
    ]
  },
  "timestamp": "20250610_202346",
  "device": "cuda",
  "total_parameters": 2130065,
  "trainable_parameters": 2130065,
  "physical_dim": 33,
  "emotional_dim": 17,
  "using_real_data": true,
  "data_source": "GENEX Interview Annotations + Video Frames"
}