{
  "model_name": "advanced_fusion_vit",
  "model_type": "B.2: Advanced ViT + Cross-Modal Attention",
  "epochs_trained": 28,
  "best_val_f1": 0.15462185442447662,
  "final_metrics": {
    "overall_accuracy": 0.550000011920929,
    "element_accuracy": 0.9176470637321472,
    "macro_precision": 0.14103886485099792,
    "macro_recall": 0.1764705926179886,
    "macro_f1": 0.15462185442447662,
    "per_emotion_accuracy": [
      0.8999999761581421,
      1.0,
      0.8500000238418579,
      1.0,
      0.949999988079071,
      0.75,
      1.0,
      0.8999999761581421,
      0.949999988079071,
      0.8500000238418579,
      1.0,
      1.0,
      1.0,
      1.0,
      0.8999999761581421,
      0.949999988079071,
      0.6000000238418579
    ],
    "val_loss": 0.2079994734376669
  },
  "training_history": {
    "train_loss": [
      0.6851390480995179,
      0.48521994054317474,
      0.3497918173670769,
      0.3300531804561615,
      0.3102413773536682,
      0.2845385253429413,
      0.30159700065851214,
      0.2711539208889008,
      0.2866830140352249,
      0.2877526134252548,
      0.26775263994932175,
      0.2674325168132782,
      0.24286465123295783,
      0.24555069208145142,
      0.24992133378982545,
      0.2589703664183617,
      0.21985783576965331,
      0.23054109513759613,
      0.25548385754227637,
      0.2182276502251625,
      0.23910006731748581,
      0.23883199095726013,
      0.24115611612796783,
      0.2191408395767212,
      0.21547945141792296,
      0.22153550311923026,
      0.20926209166646004,
      0.2138582982122898
    ],
    "val_loss": [
      0.5308112651109695,
      0.3731464296579361,
      0.2655963934957981,
      0.2551391273736954,
      0.24419425800442696,
      0.243328969925642,
      0.22860070690512657,
      0.22827018424868584,
      0.2263115830719471,
      0.2186560072004795,
      0.23081413470208645,
      0.22042270191013813,
      0.2079994734376669,
      0.2149790097028017,
      0.2113284319639206,
      0.22470016218721867,
      0.2066473849117756,
      0.22275439091026783,
      0.20767822861671448,
      0.2179732657968998,
      0.21490592323243618,
      0.21446901932358742,
      0.20905845798552036,
      0.20323021337389946,
      0.20401599630713463,
      0.2063752766698599,
      0.20266333781182766,
      0.2232684912160039
    ],
    "val_accuracy": [
      0.7617647051811218,
      0.8588235378265381,
      0.9058823585510254,
      0.9058823585510254,
      0.9117646813392639,
      0.9117646813392639,
      0.9117646813392639,
      0.9117646813392639,
      0.9117646813392639,
      0.9117646813392639,
      0.9117646813392639,
      0.9117646813392639,
      0.9176470637321472,
      0.9147058725357056,
      0.9147058725357056,
      0.9117646813392639,
      0.9147058725357056,
      0.9147058725357056,
      0.9117646813392639,
      0.9147058725357056,
      0.9147058725357056,
      0.9147058725357056,
      0.9147058725357056,
      0.9176470637321472,
      0.9176470637321472,
      0.9176470637321472,
      0.9176470637321472,
      0.9147058725357056
    ],
    "val_f1": [
      0.11261862516403198,
      0.12029800564050674,
      0.10960281640291214,
      0.10960281640291214,
      0.15166470408439636,
      0.15166470408439636,
      0.1504201591014862,
      0.1126050353050232,
      0.14201679825782776,
      0.1126050353050232,
      0.1504201591014862,
      0.14691877365112305,
      0.15462185442447662,
      0.15317299962043762,
      0.15317299962043762,
      0.15317299962043762,
      0.15317299962043762,
      0.15317299962043762,
      0.144690603017807,
      0.15317299962043762,
      0.15317299962043762,
      0.14621847867965698,
      0.15317299962043762,
      0.15462185442447662,
      0.15462185442447662,
      0.15462185442447662,
      0.15462185442447662,
      0.15317299962043762
    ],
    "learning_rates": [
      [
        6.76607307516904e-06,
        1.0149109612753567e-05,
        1.353214615033808e-05
      ],
      [
        1.917133792085522e-05,
        2.875700688128284e-05,
        3.834267584171044e-05
      ],
      [
        3.428876130611138e-05,
        5.143314195916707e-05,
        6.857752261222276e-05
      ],
      [
        4.611411451740418e-05,
        6.917117177610627e-05,
        9.222822903480836e-05
      ],
      [
        4.99993907700718e-05,
        7.49990861551077e-05,
        9.99987815401436e-05
      ],
      [
        4.992631910039779e-05,
        7.488947865059669e-05,
        9.985263820079557e-05
      ],
      [
        4.9731809396841416e-05,
        7.459771409526213e-05,
        9.946361879368283e-05
      ],
      [
        4.9416809291126365e-05,
        7.412521393668956e-05,
        9.883361858225273e-05
      ],
      [
        4.8982853432103985e-05,
        7.347428014815598e-05,
        9.796570686420797e-05
      ],
      [
        4.843205600909834e-05,
        7.264808401364752e-05,
        9.686411201819668e-05
      ],
      [
        4.7767100451788345e-05,
        7.165065067768252e-05,
        9.553420090357669e-05
      ],
      [
        4.699122635680813e-05,
        7.04868395352122e-05,
        9.398245271361626e-05
      ],
      [
        4.610821370475783e-05,
        6.916232055713674e-05,
        9.221642740951566e-05
      ],
      [
        4.5122364444518115e-05,
        6.768354666677718e-05,
        9.024472888903623e-05
      ],
      [
        4.403848153458767e-05,
        6.605772230188151e-05,
        8.807696306917534e-05
      ],
      [
        4.286184554355212e-05,
        6.429276831532819e-05,
        8.572369108710424e-05
      ],
      [
        4.159818892368478e-05,
        6.239728338552717e-05,
        8.319637784736956e-05
      ],
      [
        4.025366808301531e-05,
        6.038050212452297e-05,
        8.050733616603062e-05
      ],
      [
        3.883483339192868e-05,
        5.8252250087893025e-05,
        7.766966678385735e-05
      ],
      [
        3.734859727041912e-05,
        5.602289590562868e-05,
        7.469719454083824e-05
      ],
      [
        3.5802200511474686e-05,
        5.370330076721203e-05,
        7.160440102294937e-05
      ],
      [
        3.4203177004661685e-05,
        5.1304765506992534e-05,
        6.840635400932337e-05
      ],
      [
        3.255931703177204e-05,
        4.883897554765807e-05,
        6.511863406354408e-05
      ],
      [
        3.087862931335344e-05,
        4.6317943970030165e-05,
        6.175725862670688e-05
      ],
      [
        2.916930199102789e-05,
        4.375395298654184e-05,
        5.833860398205578e-05
      ],
      [
        2.7439662735688762e-05,
        4.115949410353315e-05,
        5.4879325471377525e-05
      ],
      [
        2.5698138175925353e-05,
        3.8547207263888034e-05,
        5.1396276351850705e-05
      ],
      [
        2.3953212844335387e-05,
        3.592981926650309e-05,
        4.7906425688670774e-05
      ]
    ]
  },
  "timestamp": "20250610_202858",
  "device": "cuda",
  "total_parameters": 8222737,
  "trainable_parameters": 8222737,
  "physical_dim": 33,
  "emotional_dim": 17,
  "using_real_data": true,
  "data_source": "GENEX Interview Annotations + Video Frames",
  "fusion_strategy": "Cross-modal attention with temporal transformer",
  "model_improvements": [
    "Larger embedding dimension (256 vs 192)",
    "Deeper transformer (6 vs 4 layers)",
    "Cross-modal attention fusion",
    "Temporal annotation processing",
    "Advanced learning rate scheduling",
    "Attention regularization"
  ]
}